"Path","Platform","Compiled","Cooked","Permutations","Compiletime","CompiledDouble","CookedDouble"
"Globals","0","5499","0","1","0.000000","0","0"
"/ControlRig/Controls/ControlRigGizmoMaterial.ControlRigGizmoMaterial","0","4","4","1","5.860735","0","4"
"","0","1","0","1","0.000000","30","0"
"/Game/UltraDynamicSky/Materials/Weather/WOV_Target_Brush.WOV_Target_Brush","0","5","5","1","5.356149","0","5"
"/Engine/EngineDebugMaterials/DebugEditorMaterial.DebugEditorMaterial","0","7","8","1","10.890397","0","8"
"/Engine/EditorMaterials/PhAT_NoCollisionMaterial.PhAT_NoCollisionMaterial","0","5","5","1","4.937671","0","5"
"/Engine/EditorMaterials/PhAT_UnselectedMaterial.PhAT_UnselectedMaterial","0","5","5","1","4.505087","0","5"
"/MeshModelingToolset/Materials/M_DynamicMeshComponentVtxColor.M_DynamicMeshComponentVtxColor","0","18","20","1","35.127331","0","20"
"/Engine/EngineDebugMaterials/DebugMeshMaterial.DebugMeshMaterial","0","7","7","1","9.446798","0","7"
"/Engine/EngineMaterials/NaniteHiddenSectionMaterial.NaniteHiddenSectionMaterial","0","27","29","1","48.555187","0","29"
"/Game/UltraDynamicSky/Materials/Weather/Radial_Storm_Cloud_Draw.Radial_Storm_Cloud_Draw","0","10","10","2","15.142003","0","10"
"/Game/SoulCave/Environment/Materials/Props/M_Soul_GODRAY_MASTER2.M_Soul_GODRAY_MASTER2","0","11","11","1","16.701340","0","11"
"/Game/SoulCave/Effects/Materials/Water/M_WaterDrop_SubUV.M_WaterDrop_SubUV","0","71","71","1","111.692764","0","71"
"/Game/SoulCave/Effects/Materials/Snow/M_Snow_Blowing_Lit.M_Snow_Blowing_Lit","0","56","56","1","108.348946","0","56"
"/Game/SoulCave/EffectsMobile/GodRay/Materials/M_GodRay.M_GodRay","0","7","7","1","19.997688","0","7"
"/Game/SoulCave/EffectsMobile/Steam/Materials/M_Smoke_MacroUV_Subtle_Emissive_Near.M_Smoke_MacroUV_Subtle_Emissive_Near","0","11","11","1","14.290599","0","11"
"/Game/SoulCave/Effects/Materials/Dust/M_Dust_Mote.M_Dust_Mote","0","56","56","1","101.919449","0","56"
"/Game/SoulCave/EffectsMobile/Sparks/Materials/M_Spark_Core_Master.M_Spark_Core_Master","0","11","11","1","14.638402","0","11"
"/Engine/EngineMaterials/GizmoMaterial.GizmoMaterial","0","7","8","1","10.291952","0","8"
"/Engine/EngineMaterials/RemoveSurfaceMaterial.RemoveSurfaceMaterial","0","4","4","1","6.205716","0","4"
"/Game/SoulCave/EffectsMobile/Trash/Materials/M_paper.M_paper","0","12","12","1","15.794965","0","12"
"/Game/SoulCave/EffectsMobile/Leaves/Materials/M_NewMaterial.M_NewMaterial","0","47","53","1","71.812813","0","53"
"/Engine/EngineMaterials/DefaultLightFunctionMaterial.DefaultLightFunctionMaterial","0","45","45","1","55.174847","0","45"
"/Game/UltraDynamicSky/Materials/Weather/Projection_Box_Mask.Projection_Box_Mask","0","5","5","1","9.608726","0","5"
"/Game/UltraDynamicSky/Materials/Weather/Stuck_Snow_Decal_Mat.Stuck_Snow_Decal_Mat","0","41","41","1","43.451069","0","41"
"/Game/UltraDynamicSky/Materials/Weather/Rain_Spot_Decal.Rain_Spot_Decal","0","53","55","1","99.279732","0","55"
"/Game/UltraDynamicSky/Materials/Weather/Lightning_Light_Rays_Card.Lightning_Light_Rays_Card","0","8","8","1","26.866156","0","8"
"/Game/Cigar_room/Materials/M_desk_lamp_glass.M_desk_lamp_glass","0","14","14","1","45.163288","0","14"
"/Game/Cigar_room/Materials/M_desk_lamp_fab.M_desk_lamp_fab","0","14","14","1","28.867662","0","14"
"/Game/Cigar_room/Materials/M_desk_lamp.M_desk_lamp","0","14","14","1","29.626598","0","14"
"/Game/Survival_Items_Pack/Materials/Objects/M_RGB.M_RGB","0","35","35","1","65.042908","0","35"
"/Game/Cigar_room/Materials/M_spot_light2_light.M_spot_light2_light","0","14","14","1","22.341707","0","14"
"/Game/Cigar_room/Materials/M_spot_light2.M_spot_light2","0","14","14","1","23.211378","0","14"
"/Game/UltraDynamicSky/Materials/Space/Space_Planet_Glow_Mat.Space_Planet_Glow_Mat","0","21","21","1","41.316219","0","21"
"/Game/UltraDynamicSky/Materials/Space/Space_Planet_Mat.Space_Planet_Mat","0","224","232","8","556.883728","0","232"
"/Game/Cigar_room/Materials/M_book_red.M_book_red","0","23","23","1","18.414440","0","23"
"/Game/Cigar_room/Materials/M_book_blue.M_book_blue","0","23","23","1","0.000000","0","23"
"/Game/SoulCave/Environment/Materials/Props/M_Soul_Glowstick_RK.M_Soul_Glowstick_RK","0","23","23","1","62.754837","0","23"
"/Game/Blueprint/ASSEST/1phlox_Petiole_002.1phlox_Petiole_002","0","14","14","1","14.304200","0","14"
"/Game/Blueprint/ASSEST/1phlox_Leaf_002.1phlox_Leaf_002","0","14","14","1","8.488214","0","14"
"/Game/Blueprint/ASSEST/1phlox_1Pdcel_002.1phlox_1Pdcel_002","0","14","14","1","0.000000","0","14"
"/Game/Blueprint/ASSEST/1phlox_1Petal1_002.1phlox_1Petal1_002","0","14","14","1","23.098305","0","14"
"/Game/Blueprint/ASSEST/1phlox_1InfInt_002.1phlox_1InfInt_002","0","14","14","1","0.000000","0","14"
"/Game/Blueprint/ASSEST/1phlox_Mrstm_002.1phlox_Mrstm_002","0","14","14","1","0.000000","0","14"
"/Game/Blueprint/ASSEST/1phlox_Intrnd_002.1phlox_Intrnd_002","0","14","14","1","0.000000","0","14"
"/Game/Blueprint/ASSEST/1phlox_1Pdncle_002.1phlox_1Pdncle_002","0","14","14","1","0.000000","0","14"
"/Game/UltraDynamicSky/Materials/Volumetric_Aurora.Volumetric_Aurora","0","85","85","1","749.668030","0","85"
"/Game/UltraDynamicSky/Materials/Overcast_Turbulence.Overcast_Turbulence","0","10","11","1","21.979746","0","11"
"/Game/UltraDynamicSky/Materials/Weather/Wind_Debris.Wind_Debris","0","38","38","1","44.106594","0","38"
"/Game/SoulCave/Environment/Materials/Props/M_Soul_Glowstick.M_Soul_Glowstick","0","23","23","1","35.651043","0","23"
"/Game/SoulCave/Environment/Materials/Building/M_Soul_Glowstick.M_Soul_Glowstick","0","23","23","1","52.212616","0","23"
"/Game/Cigar_room/Materials/M_Fog_3.M_Fog_3","0","33","33","1","242.079102","0","33"
"/Game/Cigar_room/Materials/M_Book_green.M_Book_green","0","23","23","1","0.000000","0","23"
"/Engine/EngineSky/M_Sky_Panning_Clouds2.M_Sky_Panning_Clouds2","0","4","4","1","7.774326","0","4"
"/Game/StarterContent/Materials/M_Wood_Oak.M_Wood_Oak","0","23","23","1","40.862499","0","23"
"/Game/SoulCave/EffectsMobile/SimpleFogSheet/Material/M_Fogsheet_cheap.M_Fogsheet_cheap","0","7","7","1","10.483736","0","7"
"/Game/SoulCave/Environment/Materials/Props/M_Soul_Statue_Cloth_WorldPositoin.M_Soul_Statue_Cloth_WorldPositoin","0","61","63","1","123.456429","0","63"
"/Game/StarterContent/Materials/M_Wood_Walnut.M_Wood_Walnut","0","23","23","1","45.309742","0","23"
"/Game/SoulCave/Environment/Materials/Sky/M_Sky.M_Sky","0","4","4","1","6.183724","0","4"
"/Engine/VREditor/SnapGrid/SnapGridMaterial.SnapGridMaterial","0","12","12","1","19.215076","0","12"
"/Game/Watermills/Materials/MM_Sand.MM_Sand","0","23","23","1","43.292740","0","23"
"/Engine/EngineMaterials/Widget3DPassThrough.Widget3DPassThrough","0","57","62","6","88.296066","0","62"
"/Engine/EngineSky/M_SimpleSkyDome.M_SimpleSkyDome","0","4","4","1","3.602356","0","4"
"/Game/Cigar_room/Materials/M_vase3.M_vase3","0","23","23","1","13.823364","0","23"
"/Game/Cigar_room/Materials/M_cigar_2_001.M_cigar_2_001","0","23","23","1","0.000000","0","23"
"/Game/Cigar_room/Materials/M_wall_lamp1.M_wall_lamp1","0","23","23","1","0.000000","0","23"
"/Game/Cigar_room/Materials/M_wall_lamp1_glass.M_wall_lamp1_glass","0","23","23","1","0.000000","0","23"
"/Game/UltraDynamicSky/Materials/Weather/DLWE_Brush.DLWE_Brush","0","15","15","3","20.461809","0","15"
"/Engine/EngineSky/VolumetricClouds/m_SimpleVolumetricCloud.m_SimpleVolumetricCloud","0","100","100","1","1485.255615","0","100"
"/Game/SoulCave/Environment/Materials/Water/M_Water_Translucent.M_Water_Translucent","0","31","31","1","69.588028","0","31"
"/Game/Blueprint/Material.Material","0","28","28","1","25.611538","0","28"
"/Game/SoulCave/Environment/Materials/Building/M_Slums_Concrete.M_Slums_Concrete","0","78","80","2","128.132767","0","80"
"/Game/Cigar_room/Materials/M_whiskey_glass1.M_whiskey_glass1","0","33","33","1","272.715210","0","33"
"/Game/Cigar_room/Materials/M_wall_lamp1_glass_bulb.M_wall_lamp1_glass_bulb","0","23","23","1","39.645947","0","23"
"/Game/UltraDynamicSky/Materials/Weather/Projection_Box_Height.Projection_Box_Height","0","17","19","1","31.739313","0","19"
"/Game/Cigar_room/Materials/M_notebook_papers.M_notebook_papers","0","23","23","1","0.000000","0","23"
"/Game/Cigar_room/Materials/M_notebook.M_notebook","0","23","23","1","0.000000","0","23"
"/Game/Cigar_room/Materials/M_cigar_box1.M_cigar_box1","0","23","23","1","37.910675","0","23"
"/Game/Cigar_room/Materials/M_cigar_box1_decor.M_cigar_box1_decor","0","23","23","1","0.000000","0","23"
"/Game/Cigar_room/Materials/M_Glass.M_Glass","0","33","33","1","280.900848","0","33"
"/Game/Cigar_room/Materials/M_window_frame_tile_002.M_window_frame_tile_002","0","23","23","1","0.000000","0","23"
"/Game/Cigar_room/Materials/M_stor_001.M_stor_001","0","23","23","1","0.000000","0","23"
"/Game/Cigar_room/Materials/M_sofa_chester.M_sofa_chester","0","23","23","1","0.000000","0","23"
"/Game/Cigar_room/Materials/M_sofa1.M_sofa1","0","23","23","1","0.000000","0","23"
"/Game/Cigar_room/Materials/M_sofa_pillow.M_sofa_pillow","0","23","23","1","0.000000","0","23"
"/Game/Cigar_room/Materials/M_ashtray6.M_ashtray6","0","23","23","1","45.408543","0","23"
"/Game/Cigar_room/Materials/M_Door_panel1.M_Door_panel1","0","23","23","1","0.000000","0","23"
"/Game/Cigar_room/Materials/M_ceil_moul.M_ceil_moul","0","23","23","1","0.000000","0","23"
"/Game/Cigar_room/Materials/M_ceil1.M_ceil1","0","23","23","1","0.000000","0","23"
"/Game/Cigar_room/Materials/M_door1_tile.M_door1_tile","0","23","23","1","0.000000","0","23"
"/Game/Cigar_room/Materials/M_lighter3.M_lighter3","0","23","23","1","16.076719","0","23"
"/Game/Cigar_room/Materials/M_clock_glass.M_clock_glass","0","33","33","1","231.307968","0","33"
"/Game/Cigar_room/Materials/M_wall_clock.M_wall_clock","0","23","23","1","0.000000","0","23"
"/Game/Cigar_room/Materials/M_clock.M_clock","0","23","23","1","0.000000","0","23"
"/Game/Cigar_room/Materials/M_wine_bottle1.M_wine_bottle1","0","23","23","1","0.000000","0","23"
"/Game/Cigar_room/Materials/M_arm_chair2.M_arm_chair2","0","23","23","1","0.000000","0","23"
"/Game/Cigar_room/Materials/M_arm_chair2_pillow.M_arm_chair2_pillow","0","23","23","1","0.000000","0","23"
"/Game/Cigar_room/Materials/M_arm_chair2_chester.M_arm_chair2_chester","0","23","23","1","0.000000","0","23"
"/Game/Cigar_room/Materials/M_grren_conc.M_grren_conc","0","23","23","1","0.000000","0","23"
"/Game/Cigar_room/Materials/M_brick.M_brick","0","23","23","1","0.000000","0","23"
"/Game/Cigar_room/Materials/M_Floor.M_Floor","0","23","23","1","0.000000","0","23"
"/Game/Cigar_room/Materials/M_hanger1.M_hanger1","0","23","23","1","0.000000","0","23"
"/Game/Cigar_room/Materials/M_tablo3.M_tablo3","0","23","23","1","0.000000","0","23"
"/Game/Cigar_room/Materials/M_rug2.M_rug2","0","23","23","1","0.000000","0","23"
"/Game/Cigar_room/Materials/M_book3.M_book3","0","23","23","1","0.000000","0","23"
"/Game/Cigar_room/Materials/M_tablo5.M_tablo5","0","23","23","1","0.000000","0","23"
"/Game/Cigar_room/Materials/M_door1.M_door1","0","23","23","1","0.000000","0","23"
"/Game/Cigar_room/Materials/M_globe1.M_globe1","0","23","23","1","0.000000","0","23"
"/Game/Cigar_room/Materials/M_globe_map.M_globe_map","0","23","23","1","0.000000","0","23"
"/MovieRenderPipeline/Materials/MoviePipeline_StencilCutout.MoviePipeline_StencilCutout","0","16","18","1","29.482666","0","18"
"/Game/SoulCave/EffectsMobile/Water/Materials/M_SplashFoam.M_SplashFoam","0","56","56","1","96.901283","0","56"
"/Engine/EditorMaterials/Dataflow/DataflowVertexMaterial.DataflowVertexMaterial","0","26","26","1","48.441036","0","26"
"/Engine/BasicShapes/BasicShapeMaterial.BasicShapeMaterial","0","67","67","1","139.311310","0","67"
"/Game/Cigar_room/Materials/M_Bourbon_001.M_Bourbon_001","0","23","23","1","0.000000","0","23"
"/Game/Cigar_room/Materials/M_coffe_table_3.M_coffe_table_3","0","23","23","1","0.000000","0","23"
"/Game/Cigar_room/Materials/M_chandelier_glass.M_chandelier_glass","0","23","23","1","37.789078","0","23"
"/Game/Cigar_room/Materials/M_chandelier.M_chandelier","0","23","23","1","0.000000","0","23"
"/Game/Cigar_room/Materials/M_bar_shelf1_p2.M_bar_shelf1_p2","0","23","23","1","0.000000","0","23"
"/Game/Cigar_room/Materials/M_bar_shelf1_p1.M_bar_shelf1_p1","0","23","23","1","0.000000","0","23"
"/Game/Cigar_room/Materials/M_bar_shelf1_p3.M_bar_shelf1_p3","0","23","23","1","0.000000","0","23"
"/Game/Cigar_room/Materials/M_bar_shelf_tile.M_bar_shelf_tile","0","23","23","1","0.000000","0","23"
"/Game/Cigar_room/Materials/M_wall_panel_001.M_wall_panel_001","0","23","23","1","0.000000","0","23"
"/Game/Cigar_room/Materials/M_baseboard_004.M_baseboard_004","0","23","23","1","0.000000","0","23"
"/Game/Cigar_room/Materials/M_wall_panel_moul_002.M_wall_panel_moul_002","0","23","23","1","0.000000","0","23"
"/Game/Cigar_room/Materials/M_book_shelf1.M_book_shelf1","0","23","23","1","0.000000","0","23"
"/Game/Cigar_room/Materials/M_book_shelf1_mod.M_book_shelf1_mod","0","23","23","1","0.000000","0","23"
"/Game/SoulCave/EffectsMobile/Water/Materials/M_RippleFoam.M_RippleFoam","0","77","77","1","549.642700","0","77"
"/Game/SoulCave/Environment/Materials/Water/M_Soul_Waterfall_Foam02.M_Soul_Waterfall_Foam02","0","44","45","1","264.539368","0","45"
"/Game/SoulCave/Environment/Materials/Water/M_Soul_Waterfall_Foam_Mask.M_Soul_Waterfall_Foam_Mask","0","44","45","1","267.682648","0","45"
"/Game/SoulCave/Environment/Materials/Building/M_Slums_Wood.M_Slums_Wood","0","23","23","1","47.660591","0","23"
"/ControlRig/Controls/ControlRigXRayMaterial.ControlRigXRayMaterial","0","10","11","1","13.530123","0","11"
"/Engine/EditorLandscapeResources/SplineEditorMeshMat.SplineEditorMeshMat","0","12","14","1","29.344069","0","14"
"/Game/SoulCave/Environment/Materials/Nature/M_Soul_TreeDead.M_Soul_TreeDead","0","23","23","1","39.867210","0","23"
"/Game/SoulCave/Environment/Materials/Nature/M_Soul_Plants.M_Soul_Plants","0","42","44","1","77.307243","0","44"
"/Engine/EngineDebugMaterials/M_SimpleUnlitTranslucent.M_SimpleUnlitTranslucent","0","5","5","1","3.476630","0","5"
"/Engine/EditorMaterials/Camera/CineMat.CineMat","0","26","26","1","46.298462","0","26"
"/Game/Blueprint/Item/Mirror/Color_008.Color_008","0","14","14","1","0.000000","0","14"
"/Game/Blueprint/Item/Mirror/material.material","0","14","14","1","0.000000","0","14"
"/Game/Blueprint/Item/Mirror/material_0.material_0","0","14","14","1","0.000000","0","14"
"/Game/SoulCave/EffectsMobile/Sparks/Materials/M_Smoke_MacroUV_Subtle_Near.M_Smoke_MacroUV_Subtle_Near","0","11","11","1","14.021479","0","11"
"/Game/SoulCave/Environment/Materials/Nature/M_Soul_Leaves.M_Soul_Leaves","0","84","88","2","169.827332","0","88"
"/Game/Blueprint/Item/Cake/Color_D04.Color_D04","0","14","14","1","0.000000","0","14"
"/Game/Blueprint/Item/Cake/Color_D08.Color_D08","0","14","14","1","0.000000","0","14"
"/Game/Blueprint/Item/Cake/Color_A11.Color_A11","0","14","14","1","0.000000","0","14"
"/Game/Blueprint/Item/Cake/Color_000.Color_000","0","14","14","1","0.000000","0","14"
"/Engine/VREditor/TransformGizmo/Xray.Xray","0","14","14","1","0.000000","0","14"
"/Engine/VREditor/TransformGizmo/Main.Main","0","5","5","1","4.323800","0","5"
"/Engine/MapTemplates/Sky/M_Procedural_Sky_MASTER02.M_Procedural_Sky_MASTER02","0","23","23","1","44.871197","0","23"
"/Game/SoulCave/Environment/Materials/Nature/M_Soul_Bush.M_Soul_Bush","0","23","23","1","55.681232","0","23"
"/Game/SoulCave/Environment/Materials/Building/M_Soul_Statue_Face.M_Soul_Statue_Face","0","35","35","1","58.331055","0","35"
"/Game/SoulCave/Environment/Materials/Building/M_Soul_Statue_Cloth.M_Soul_Statue_Cloth","0","35","35","1","60.434471","0","35"
"/Game/SoulCave/Environment/Materials/Building/M_Soul_Statue_Chrome.M_Soul_Statue_Chrome","0","41","43","1","88.366692","0","43"
"/Game/SoulCave/Environment/Materials/Building/M_Soul_Statue_Bolts.M_Soul_Statue_Bolts","0","35","35","1","68.971054","0","35"
"/Game/SoulCave/Environment/Materials/Nature/M_Soul_Grass04.M_Soul_Grass04","0","42","44","1","55.717888","0","44"
"/Game/SoulCave/Environment/Materials/Water/M_Cave_Water_JM2.M_Cave_Water_JM2","0","33","33","1","216.745926","0","33"
"/Game/SoulCave/Environment/Materials/Cloth/M_Slums_Cloth_Anim.M_Slums_Cloth_Anim","0","42","44","1","88.158997","0","44"
"/Game/SoulCave/Environment/Materials/Building/M_Slums_Cloth_.M_Slums_Cloth_","0","42","44","1","78.945206","0","44"
"/Game/SoulCave/Environment/Materials/Building/M_LV_SoulDistanceBD002_M2.M_LV_SoulDistanceBD002_M2","0","42","44","1","85.469177","0","44"
"/Game/StarterContent/Particles/Materials/M_Fire_SubUV.M_Fire_SubUV","0","11","11","1","14.265015","0","11"
"/Game/Blueprint/Item/FlashLight/RayOVac_Flashlight_handle_Mat.RayOVac_Flashlight_handle_Mat","0","28","28","1","52.827045","0","28"
"/Game/SoulCave/Effects/Materials/Water/M_ParticleWater_MASTER.M_ParticleWater_MASTER","0","74","74","1","473.729614","0","74"
"/Game/SoulCave/Environment/Materials/Building/M_Slums_Window2.M_Slums_Window2","0","46","46","2","108.010780","0","46"
"/Engine/VREditor/TransformGizmo/TranslucentTransformGizmoMaterial.TranslucentTransformGizmoMaterial","0","5","5","1","3.560318","0","5"
"/Game/SoulCave/Environment/Materials/Props/M_Wires02.M_Wires02","0","23","23","1","42.516956","0","23"
"/Game/SoulCave/Environment/Materials/Props/M_Glow.M_Glow","0","23","23","1","0.000000","0","23"
"/Game/SoulCave/EffectsMobile/Sparks/Materials/M_Flare_Master.M_Flare_Master","0","11","11","1","16.075495","0","11"
"/Game/Watermills/Materials/MM_JailDoor01.MM_JailDoor01","0","23","23","1","73.944153","0","23"
"/Game/StarterContent/Materials/M_Metal_Gold.M_Metal_Gold","0","23","23","1","66.291168","0","23"
"/Game/Blueprint/Actor/InteractionItem/LightStone/MA_LightStone.MA_LightStone","0","14","14","1","32.971851","0","14"
"/Game/SoulCave/EffectsMobile/Sparks/Materials/M_Single_Master.M_Single_Master","0","14","14","1","17.081749","0","14"
"/Game/Blueprint/Item/Locker/__LightGray_.__LightGray_","0","26","26","1","37.763817","0","26"
"/Game/UltraDynamicSky/Materials/Material_Functions/UDS_Basic_LightFunction.UDS_Basic_LightFunction","0","45","45","1","60.497623","0","45"
"/Engine/EngineMaterials/FlattenMaterial_WS_Normal_VT.FlattenMaterial_WS_Normal_VT","0","35","35","1","69.549110","0","35"
"/Engine/EngineMaterials/DefaultTextMaterialOpaque.DefaultTextMaterialOpaque","0","29","31","1","59.668339","0","31"
"/Game/Blueprint/Actor/InteractionItem/Shrine/default.default","0","14","14","1","26.750372","0","14"
"/Game/Blueprint/Item/Mirror/Metal_Corrogated_Shiny.Metal_Corrogated_Shiny","0","14","14","1","23.035828","0","14"
"/Game/Blueprint/Item/ShopTicket/MA_ShopTick.MA_ShopTick","0","14","14","1","21.420321","0","14"
"/Game/Blueprint/Item/Cake/Vegetation_Blur3.Vegetation_Blur3","0","14","14","1","25.024746","0","14"
"/Game/Blueprint/Item/HandMirror/MA_M.MA_M","0","14","14","1","0.000000","0","14"
"/SpeedTreeImporter/SpeedTree9/SpeedTreeBillboardMaster.SpeedTreeBillboardMaster","0","58","62","1","166.755692","0","62"
"/SpeedTreeImporter/SpeedTree9/SpeedTreeMaster.SpeedTreeMaster","0","84","88","1","282.578217","0","88"
"/Interchange/gltf/M_ClearCoat.M_ClearCoat","0","262","272","6","1124.717163","0","272"
"/Interchange/gltf/M_Sheen.M_Sheen","0","262","272","6","1152.913452","0","272"
"/Interchange/gltf/M_Transmission.M_Transmission","0","96","96","2","2268.630859","0","96"
"/Interchange/gltf/M_SpecularGlossiness.M_SpecularGlossiness","0","262","272","6","1373.566895","0","272"
"/Engine/EngineMaterials/FlattenMaterial_VT.FlattenMaterial_VT","0","35","35","1","156.222885","0","35"
"/Engine/EngineMaterials/FlattenMaterial.FlattenMaterial","0","35","35","1","0.000000","0","35"
"/Engine/EngineMaterials/M_InvalidLightmapSettings.M_InvalidLightmapSettings","0","28","28","1","53.928017","0","28"
"/Engine/EngineMaterials/EmissiveMeshMaterial.EmissiveMeshMaterial","0","7","7","1","13.421935","0","7"
"/MovieRenderPipeline/Blueprints/M_MoviePipelineRenderPreview.M_MoviePipelineRenderPreview","0","13","13","1","14.260030","0","13"
"/Game/Cigar_room/Materials/M_local_fog.M_local_fog","0","33","33","1","76.224495","0","33"
"/CommonUI/VideoPlayerMaterial.VideoPlayerMaterial","0","12","12","1","15.122693","0","12"
"/Engine/EngineMaterials/PhAT_JointLimitMaterial.PhAT_JointLimitMaterial","0","10","11","1","23.165207","0","11"
"/ControlRig/M_Manip.M_Manip","0","10","11","1","15.676895","0","11"
"/Paper2D/DefaultSpriteMaterial.DefaultSpriteMaterial","0","44","50","2","106.151772","0","50"
"/Engine/EditorMaterials/PreviewShadowIndicatorMaterial.PreviewShadowIndicatorMaterial","0","45","45","1","107.671898","0","45"
"/Game/UltraDynamicSky/Materials/Weather/Snow_Fade_Target_Mat.Snow_Fade_Target_Mat","0","4","4","1","7.580773","0","4"
"/Game/SoulCave/Environment/Materials/Building/M_Slums_Tin.M_Slums_Tin","0","23","23","1","56.081573","0","23"
"/Game/Blueprint/Item/Locker/material.material","0","26","26","1","50.087513","0","26"
"/Game/Blueprint/Item/Locker/__Charcoal_.__Charcoal_","0","26","26","1","50.668476","0","26"
"/Engine/EngineDebugMaterials/M_VolumeRenderSphereTracePP.M_VolumeRenderSphereTracePP","0","5","5","1","6.102966","0","5"
"/Engine/VREditor/TransformGizmo/TransformGizmoMaterial.TransformGizmoMaterial","0","4","4","1","9.167599","0","4"
"/MovieRenderPipeline/Materials/MovieRenderQueue_WorldDepth.MovieRenderQueue_WorldDepth","0","5","5","1","4.314768","0","5"
"/MovieRenderPipeline/Materials/MovieRenderQueue_MotionVectors.MovieRenderQueue_MotionVectors","0","5","5","1","4.075279","0","5"
"/MazeGenerator/Materials/M_Path.M_Path","0","28","28","1","58.547054","0","28"
"/Engine/EngineMaterials/DefaultPostProcessMaterial.DefaultPostProcessMaterial","0","7","7","1","9.001033","0","7"
"/Game/Blueprint/Actor/InteractionItem/Jade/MA_NormalJade.MA_NormalJade","0","14","14","1","24.384806","0","14"
"/Game/UMG/GameState/Dead/MA_CandlesN.MA_CandlesN","0","12","12","1","14.382091","0","12"
"/Game/UMG/GameState/Dead/MA_CandlesY.MA_CandlesY","0","12","12","1","12.051409","0","12"
"/Game/UltraDynamicSky/Materials/Weather/Draw_Texture_Mat.Draw_Texture_Mat","0","4","4","1","4.501235","0","4"
"/Interchange/gltf/M_Unlit.M_Unlit","0","118","128","6","234.658829","0","128"
"/Game/3583AnimationsPack/Character/Materials/M_UE4Man_Body.M_UE4Man_Body","0","108","116","2","263.321655","0","116"
"/Game/Blueprint/Item/Firecracker/MA_ThrowTrace.MA_ThrowTrace","0","8","8","1","9.484776","0","8"
"/Game/Blueprint/Item/Firecracker/MA_ThrowTraceEND.MA_ThrowTraceEND","0","8","8","1","6.967646","0","8"
"/Game/Scanned3DPeoplePack/RP_Character/00_rp_master/Materials/RP_Rigged_MasterMaterial.RP_Rigged_MasterMaterial","0","116","116","2","277.384735","0","116"
"/Game/UltraDynamicSky/Materials/Weather/Brush_Visualize_Wireframe.Brush_Visualize_Wireframe","0","16","18","1","37.816441","0","18"
"/Game/SoulCave/Environment/Materials/Foliage/M_Cave_LeafPiles.M_Cave_LeafPiles","0","84","88","2","182.938141","0","88"
"/Game/SoulCave/Environment/Materials/Props/M_Soul_Fog2_MASTER.M_Soul_Fog2_MASTER","0","11","11","1","14.396749","0","11"
"/MazeGenerator/Materials/M_Color.M_Color","0","28","28","1","55.062450","0","28"
"/Game/Survival_Items_Pack/Materials/Objects/M_Glass_01.M_Glass_01","0","33","33","1","317.824280","0","33"
"/Game/UltraDynamicSky/Materials/2D_Cloud_Shadows.2D_Cloud_Shadows","0","90","90","2","142.906937","0","90"
"/Game/UltraDynamicSky/Materials/Weather/Splash_ParticleMat_Translucent.Splash_ParticleMat_Translucent","0","50","52","1","95.056519","0","52"
"/Game/UltraDynamicSky/Materials/Weather/Splash_ParticleMat.Splash_ParticleMat","0","53","55","1","107.256317","0","55"
"/Game/UltraDynamicSky/Materials/Weather/Heat_Distortion.Heat_Distortion","0","5","5","1","6.215154","0","5"
"/Niagara/DefaultAssets/DefaultSpriteMaterial.DefaultSpriteMaterial","0","32","37","1","90.934227","0","37"
"/Game/Scanned3DPeoplePack/RP_Character/00_rp_master/Mannequin/Materials/M_UE4Man_Body.M_UE4Man_Body","0","108","116","2","236.637833","0","116"
"/Game/UMG/GameState/Dead/M_Fire_SubUV1.M_Fire_SubUV1","0","22","22","1","31.608486","0","22"
"/Game/SoulCave/Environment/Materials/Rocks/M_Cave_Wood_Beam.M_Cave_Wood_Beam","0","23","23","1","45.358154","0","23"
"/Game/SoulCave/Environment/Materials/Building/M_Cave_Floor.M_Cave_Floor","0","23","23","1","54.836571","0","23"
"/Game/SoulCave/Environment/Materials/Building/M_Cave_Spotlight.M_Cave_Spotlight","0","23","23","1","52.465092","0","23"
"/Game/SoulCave/Environment/Materials/Foliage/M_Cave_Grass.M_Cave_Grass","0","84","88","2","181.712097","0","88"
"/Game/SoulCave/Environment/Materials/Building/M_Trashcan.M_Trashcan","0","23","23","1","52.202869","0","23"
"/Game/SoulCave/Environment/Materials/Rocks/M_Cave_Ground_MASTER.M_Cave_Ground_MASTER","0","23","23","1","51.874428","0","23"
"/Game/SoulCave/Environment/Materials/Building/M_Cave_Chain.M_Cave_Chain","0","23","23","1","55.999325","0","23"
"/Game/MCO_Mocap_Basics/Character/Materials/M_UE4Man_Body.M_UE4Man_Body","0","108","116","2","197.466583","0","116"
"/Game/Blueprint/Actor/InteractionItem/Mirror/M_Dissolve.M_Dissolve","0","54","58","1","106.228302","0","58"
"/Game/UltraDynamicSky/Materials/Material_Instances/Water_Caustics_LightFunction.Water_Caustics_LightFunction","0","45","45","1","64.654594","0","45"
"/Game/UltraDynamicSky/Materials/Weather/Splash_Droplet_Particle_Translucent.Splash_Droplet_Particle_Translucent","0","38","38","1","38.478760","0","38"
"/Game/UltraDynamicSky/Materials/Weather/Splash_Droplet_Particle.Splash_Droplet_Particle","0","41","41","1","51.099308","0","41"
"/Game/SoulCave/Environment/Materials/Building/M_Cave_Pillar.M_Cave_Pillar","0","23","23","1","39.746681","0","23"
"/Game/SoulCave/Environment/Materials/Building/M_Cave_Arches.M_Cave_Arches","0","23","23","1","40.625622","0","23"
"/Game/UMG/TiLiMaterial.TiLiMaterial","0","13","13","1","13.177220","0","13"
"/Interchange/gltf/M_Default.M_Default","0","262","272","6","1459.651855","0","272"
"/Engine/EngineMaterials/PPM_DefaultCalibrationColor.PPM_DefaultCalibrationColor","0","5","5","1","3.262899","0","5"
"/Engine/EngineMaterials/PPM_DefaultCalibrationGrayscale.PPM_DefaultCalibrationGrayscale","0","5","5","1","3.308879","0","5"
"/Engine/EngineMaterials/DefaultMaterial.DefaultMaterial","0","127","127","1","247.623093","0","127"
"/Game/Blueprint/Item/Hourglass/Material_006.Material_006","0","14","14","1","23.747356","0","14"
"/Game/StarterContent/Materials/M_Glass.M_Glass","0","35","35","1","307.915894","0","35"
"/Game/Blueprint/Item/Cake/material.material","0","14","14","1","24.432926","0","14"
"/Game/Blueprint/Item/Cake/Color_K05.Color_K05","0","14","14","1","0.000000","0","14"
"/Game/Blueprint/Item/HandMirror/MA_K.MA_K","0","14","14","1","24.094103","0","14"
"/Engine/EngineMaterials/DefaultDeferredDecalMaterial.DefaultDeferredDecalMaterial","0","87","87","1","175.794998","0","87"
"/Engine/EngineMaterials/WorldGridMaterial.WorldGridMaterial","0","664","685","1","839.622192","0","685"
"/Game/Textures/MA_Flashlight.MA_Flashlight","0","45","45","1","56.013634","0","45"
"/Game/Blueprint/Item/FlashLight/RayOVac_Flashlight_Glass.RayOVac_Flashlight_Glass","0","28","28","1","29.559990","0","28"
"/Game/UltraDynamicSky/Materials/Weather/Rainbow_Mat.Rainbow_Mat","0","20","22","2","79.350693","20","66"
"/Game/UltraDynamicSky/Materials/Weather/Fog_ParticleMat.Fog_ParticleMat","0","48","48","1","115.719482","96","240"
"/Game/UltraDynamicSky/Materials/Weather/Post_Process_Wind_Fog.Post_Process_Wind_Fog","0","5","5","1","5.840848","15","35"
"/Game/SoulCave/Environment/Materials/Building/M_Slums_Metalwork.M_Slums_Metalwork","0","23","23","1","91.541740","23","69"
"/Game/SoulCave/Environment/Materials/Rocks/M_Cave_Rock_MASTER_VertexPaint_MOSS.M_Cave_Rock_MASTER_VertexPaint_Moss","0","46","46","2","210.001282","46","138"
"/Game/SoulCave/Environment/Materials/Rocks/M_Cave_Rock_MASTER.M_Cave_Rock_MASTER","0","23","23","1","98.951035","23","69"
"/Game/SoulCave/Environment/Materials/Props/M_Soul_Statue2.M_Soul_Statue2","0","23","23","1","119.427475","23","69"
"/Game/SoulCave/Environment/Materials/Rocks/M_Cave_Rock_MASTER_VertexPaint_Dirt.M_Cave_Rock_MASTER_VertexPaint_Dirt","0","46","46","2","248.080154","46","138"
"/Game/SKnight_modular/Skeleton/materials/M_Skeleton.M_Skeleton","0","26","26","1","196.467392","26","78"
"/Game/SKnight_modular/Skeleton_Knight_01/materials/M_SKnigh_01_armor.M_SKnigh_01_armor","0","79","85","1","435.840637","79","255"
"/Game/UltraDynamicSky/Materials/Weather/LightningBolt_ParticleMat.LightningBolt_ParticleMat","0","11","11","1","33.303238","11","33"
"/Game/UltraDynamicSky/Materials/Global_Volumetric_Fog.Global_Volumetric_Fog","0","96","96","2","334.872925","288","672"
"/Game/UltraDynamicSky/Materials/Weather/Dust_ParticleMat.Dust_ParticleMat","0","16","16","2","50.148426","32","80"
"/Game/UltraDynamicSky/Materials/Weather/Lightning_Glow.Lightning_Glow","0","18","20","1","80.041611","18","60"
"/Game/UltraDynamicSky/Materials/Volumetric_Cloud_Shadows.Volumetric_Cloud_Shadows","0","90","90","2","265.028778","90","270"
"/Game/UltraDynamicSky/Materials/Ultra_Dynamic_Sky_Mat.Ultra_Dynamic_Sky_Mat","0","204","204","34","2160.824951","636","1368"
"/Game/UltraDynamicSky/Materials/Lens_Flare.Lens_Flare","0","10","10","2","14.482452","10","30"
"/Game/UltraDynamicSky/Materials/VolumetricCloud_LightRay.VolumetricCloud_LightRay","0","18","20","1","114.032249","18","60"
"/Game/UltraDynamicSky/Materials/Weather/Snow_ParticleMat.Snow_ParticleMat","0","50","52","1","181.725723","100","260"
"/Game/SoulCave/Environment/Materials/Building/M_Slums_2.M_Slums_2","0","46","46","2","220.973618","46","138"
"/Game/UltraDynamicSky/Materials/Weather/Screen_Droplets.Screen_Droplets","0","5","5","1","11.536852","10","25"
"/Game/UltraDynamicSky/Materials/Volumetric_Clouds.Volumetric_Clouds","0","400","400","4","21900.566406","1215","2800"
"/Game/UltraDynamicSky/Materials/Inside_Clouds_Fog_Particle.Inside_Clouds_Fog_Particle","0","200","200","1","8060.241211","600","1400"
"/Game/UltraDynamicSky/Materials/Weather/Rain_ParticleMat.Rain_ParticleMat","0","50","52","1","426.334839","100","260"
"/Game/UltraDynamicSky/Materials/Cloud_Fog_PostProcess.Cloud_Fog_PostProcess","0","5","5","1","25.184212","15","35"
"/Game/UltraDynamicSky/Materials/Weather/Lightning_Rainfall_Particle.Lightning_Rainfall_Particle","0","18","20","1","140.171478","36","100"
"/Game/UltraDynamicSky/Materials/Weather/LightningFlare_ParticleMat.LightningFlare_ParticleMat","0","18","20","1","132.590317","36","100"
"Globals","49","7268","0","1","0.000000","0","0"
"/ControlRig/Controls/ControlRigGizmoMaterial.ControlRigGizmoMaterial","49","7","7","1","69.081398","0","7"
"/Engine/EngineDebugMaterials/DebugEditorMaterial.DebugEditorMaterial","49","10","11","1","86.483749","0","11"
"/Engine/EditorMaterials/PhAT_NoCollisionMaterial.PhAT_NoCollisionMaterial","49","8","8","1","70.247581","0","8"
"/Engine/EditorMaterials/PhAT_UnselectedMaterial.PhAT_UnselectedMaterial","49","8","8","1","61.410728","0","8"
"/MeshModelingToolset/Materials/M_DynamicMeshComponentVtxColor.M_DynamicMeshComponentVtxColor","49","22","24","1","29.624641","0","24"
"/Engine/EngineMaterials/NaniteHiddenSectionMaterial.NaniteHiddenSectionMaterial","49","33","35","1","50.240974","0","35"
"/Engine/EngineMaterials/GizmoMaterial.GizmoMaterial","49","10","11","1","15.541996","0","11"
"/Engine/EngineDebugMaterials/DebugMeshMaterial.DebugMeshMaterial","49","10","10","1","9.160676","0","10"
"/Engine/EngineMaterials/RemoveSurfaceMaterial.RemoveSurfaceMaterial","49","7","7","1","38.668625","0","7"
"/Engine/EditorMaterials/Dataflow/DataflowVertexMaterial.DataflowVertexMaterial","49","30","30","1","88.687340","0","30"
"/MovieRenderPipeline/Materials/MoviePipeline_StencilCutout.MoviePipeline_StencilCutout","49","22","24","1","96.466743","0","24"
"/ControlRig/Controls/ControlRigXRayMaterial.ControlRigXRayMaterial","49","13","14","1","10.068767","0","14"
"/Engine/EditorLandscapeResources/SplineEditorMeshMat.SplineEditorMeshMat","49","23","25","1","58.697990","0","25"
"/Engine/BasicShapes/BasicShapeMaterial.BasicShapeMaterial","49","123","123","1","437.027557","0","123"
"/Engine/EngineDebugMaterials/M_SimpleUnlitTranslucent.M_SimpleUnlitTranslucent","49","8","8","1","5.711960","0","8"
"/Engine/EditorMaterials/Camera/CineMat.CineMat","49","34","34","1","89.070274","0","34"
"/Engine/VREditor/TransformGizmo/TranslucentTransformGizmoMaterial.TranslucentTransformGizmoMaterial","49","8","8","1","5.859927","0","8"
"/Engine/EngineMaterials/DefaultLightFunctionMaterial.DefaultLightFunctionMaterial","49","65","65","1","139.809296","0","65"
"/Game/UltraDynamicSky/Materials/Weather/WOV_Target_Brush.WOV_Target_Brush","49","8","8","1","23.246908","0","8"
"/Engine/VREditor/TransformGizmo/Xray.Xray","49","18","18","1","15.948131","0","18"
"/Engine/VREditor/TransformGizmo/Main.Main","49","8","8","1","6.339493","0","8"
"/Engine/EngineSky/M_SimpleSkyDome.M_SimpleSkyDome","49","7","7","1","5.983285","0","7"
"/Game/Blueprint/Material.Material","49","36","36","1","16.461971","0","36"
"/Game/Cigar_room/Materials/M_whiskey_glass1.M_whiskey_glass1","49","40","40","1","74.753571","0","40"
"/Game/Cigar_room/Materials/M_wall_lamp1_glass_bulb.M_wall_lamp1_glass_bulb","49","65","65","1","305.619507","0","65"
"/Game/UltraDynamicSky/Materials/Weather/Radial_Storm_Cloud_Draw.Radial_Storm_Cloud_Draw","49","16","16","2","20.138811","0","16"
"/Game/SoulCave/Environment/Materials/Props/M_Wires02.M_Wires02","49","30","30","1","30.165710","0","30"
"/Game/SoulCave/Environment/Materials/Props/M_Glow.M_Glow","49","30","30","1","0.000000","0","30"
"/Game/Blueprint/ASSEST/1phlox_1Petal1_002.1phlox_1Petal1_002","49","18","18","1","27.405107","0","18"
"/Game/Blueprint/ASSEST/1phlox_1InfInt_002.1phlox_1InfInt_002","49","18","18","1","0.000000","0","18"
"/Game/Blueprint/ASSEST/1phlox_Petiole_002.1phlox_Petiole_002","49","18","18","1","0.000000","0","18"
"/Game/Blueprint/ASSEST/1phlox_Leaf_002.1phlox_Leaf_002","49","18","18","1","0.000000","0","18"
"/Game/Blueprint/ASSEST/1phlox_1Pdcel_002.1phlox_1Pdcel_002","49","18","18","1","0.000000","0","18"
"/Game/Blueprint/ASSEST/1phlox_Mrstm_002.1phlox_Mrstm_002","49","18","18","1","0.000000","0","18"
"/Game/Blueprint/ASSEST/1phlox_Intrnd_002.1phlox_Intrnd_002","49","18","18","1","0.000000","0","18"
"/Game/Blueprint/ASSEST/1phlox_1Pdncle_002.1phlox_1Pdncle_002","49","18","18","1","0.000000","0","18"
"/Game/Blueprint/Item/Locker/__LightGray_.__LightGray_","49","30","30","1","115.225403","0","30"
"/Game/Blueprint/Item/Locker/material.material","49","30","30","1","69.933495","0","30"
"/Game/Blueprint/Item/Locker/__Charcoal_.__Charcoal_","49","30","30","1","26.942369","0","30"
"/Game/UMG/GameState/Dead/MA_CandlesN.MA_CandlesN","49","14","14","1","10.283428","0","14"
"/Game/UMG/GameState/Dead/MA_CandlesY.MA_CandlesY","49","14","14","1","46.115009","0","14"
"/Game/UltraDynamicSky/Materials/Weather/Brush_Visualize_Wireframe.Brush_Visualize_Wireframe","49","22","24","1","24.423754","0","24"
"/Game/Blueprint/Item/Firecracker/MA_ThrowTrace.MA_ThrowTrace","49","14","14","1","24.806227","0","14"
"/Game/Blueprint/Item/Firecracker/MA_ThrowTraceEND.MA_ThrowTraceEND","49","14","14","1","11.799613","0","14"
"/Game/SoulCave/Environment/Materials/Props/M_Soul_Fog2_MASTER.M_Soul_Fog2_MASTER","49","14","14","1","9.597091","0","14"
"/MazeGenerator/Materials/M_Color.M_Color","49","36","36","1","89.763123","0","36"
"/Niagara/DefaultAssets/DefaultSpriteMaterial.DefaultSpriteMaterial","49","41","46","1","100.225922","0","46"
"/Game/Blueprint/Item/Mirror/Color_008.Color_008","49","18","18","1","0.000000","0","18"
"/Game/Blueprint/Item/Mirror/material.material","49","18","18","1","0.000000","0","18"
"/Game/Blueprint/Item/Mirror/material_0.material_0","49","18","18","1","0.000000","0","18"
"/Engine/EngineMaterials/FlattenMaterial_VT.FlattenMaterial_VT","49","77","77","1","172.100616","0","77"
"/Engine/EngineMaterials/FlattenMaterial.FlattenMaterial","49","77","77","1","0.000000","0","77"
"/Engine/EngineMaterials/M_InvalidLightmapSettings.M_InvalidLightmapSettings","49","36","36","1","37.607151","0","36"
"/Engine/EngineMaterials/EmissiveMeshMaterial.EmissiveMeshMaterial","49","10","10","1","8.781480","0","10"
"/MovieRenderPipeline/Blueprints/M_MoviePipelineRenderPreview.M_MoviePipelineRenderPreview","49","15","15","1","10.158498","0","15"
"/Game/Cigar_room/Materials/M_local_fog.M_local_fog","49","39","39","1","43.002014","0","39"
"/CommonUI/VideoPlayerMaterial.VideoPlayerMaterial","49","14","14","1","9.849639","0","14"
"/Engine/EngineMaterials/PhAT_JointLimitMaterial.PhAT_JointLimitMaterial","49","13","14","1","13.168513","0","14"
"/ControlRig/M_Manip.M_Manip","49","13","14","1","9.595854","0","14"
"/Paper2D/DefaultSpriteMaterial.DefaultSpriteMaterial","49","60","66","2","61.303040","0","66"
"/Engine/EngineDebugMaterials/M_VolumeRenderSphereTracePP.M_VolumeRenderSphereTracePP","49","7","7","1","5.674304","0","7"
"/Engine/VREditor/TransformGizmo/TransformGizmoMaterial.TransformGizmoMaterial","49","7","7","1","7.358232","0","7"
"/MovieRenderPipeline/Materials/MovieRenderQueue_WorldDepth.MovieRenderQueue_WorldDepth","49","7","7","1","3.847566","0","7"
"/Engine/EngineMaterials/Widget3DPassThrough.Widget3DPassThrough","49","79","84","6","74.094177","3","84"
"/MovieRenderPipeline/Materials/MovieRenderQueue_MotionVectors.MovieRenderQueue_MotionVectors","49","7","7","1","4.012499","0","7"
"/MazeGenerator/Materials/M_Path.M_Path","49","36","36","1","36.516998","0","36"
"/Engine/EngineMaterials/DefaultPostProcessMaterial.DefaultPostProcessMaterial","49","9","9","1","6.234086","0","9"
"/Game/Blueprint/Item/Hourglass/Material_006.Material_006","49","18","18","1","15.901503","0","18"
"/Game/StarterContent/Materials/M_Glass.M_Glass","49","42","42","1","51.465710","0","42"
"/Game/Blueprint/Item/Cake/Color_D04.Color_D04","49","18","18","1","0.000000","0","18"
"/Game/Blueprint/Item/Cake/material.material","49","18","18","1","15.950441","0","18"
"/Game/Blueprint/Item/Cake/Color_K05.Color_K05","49","18","18","1","0.000000","0","18"
"/Game/Blueprint/Item/Cake/Color_D08.Color_D08","49","18","18","1","0.000000","0","18"
"/Game/Blueprint/Item/Cake/Color_A11.Color_A11","49","18","18","1","0.000000","0","18"
"/Game/Blueprint/Item/Cake/Color_000.Color_000","49","18","18","1","0.000000","0","18"
"/Game/Blueprint/Item/HandMirror/MA_K.MA_K","49","18","18","1","15.465608","0","18"
"/Game/UltraDynamicSky/Materials/Material_Functions/UDS_Basic_LightFunction.UDS_Basic_LightFunction","49","65","65","1","48.644325","0","65"
"/Engine/EngineMaterials/FlattenMaterial_WS_Normal_VT.FlattenMaterial_WS_Normal_VT","49","77","77","1","173.405899","0","77"
"/Engine/EngineMaterials/DefaultDeferredDecalMaterial.DefaultDeferredDecalMaterial","49","102","102","1","116.959511","0","102"
"/Engine/EngineMaterials/WorldGridMaterial.WorldGridMaterial","49","1018","1039","1","1218.838867","0","1039"
"/Engine/EngineMaterials/DefaultTextMaterialOpaque.DefaultTextMaterialOpaque","49","35","37","1","33.958004","0","37"
"/Game/Cigar_room/Materials/M_Bourbon_001.M_Bourbon_001","49","65","65","1","161.646973","0","65"
"/Game/Cigar_room/Materials/M_coffe_table_3.M_coffe_table_3","49","65","65","1","160.803482","0","65"
"/Game/Cigar_room/Materials/M_chandelier_glass.M_chandelier_glass","49","65","65","1","159.544800","0","65"
"/Game/Cigar_room/Materials/M_chandelier.M_chandelier","49","65","65","1","0.000000","0","65"
"/Game/Cigar_room/Materials/M_bar_shelf1_p2.M_bar_shelf1_p2","49","65","65","1","0.000000","0","65"
"/Game/Cigar_room/Materials/M_bar_shelf1_p1.M_bar_shelf1_p1","49","65","65","1","0.000000","0","65"
"/Game/Cigar_room/Materials/M_bar_shelf1_p3.M_bar_shelf1_p3","49","65","65","1","0.000000","0","65"
"/Game/Cigar_room/Materials/M_bar_shelf_tile.M_bar_shelf_tile","49","65","65","1","0.000000","0","65"
"/Game/Cigar_room/Materials/M_wall_panel_001.M_wall_panel_001","49","65","65","1","157.791168","0","65"
"/Game/Cigar_room/Materials/M_baseboard_004.M_baseboard_004","49","65","65","1","0.000000","0","65"
"/Game/Cigar_room/Materials/M_wall_panel_moul_002.M_wall_panel_moul_002","49","65","65","1","0.000000","0","65"
"/Game/Cigar_room/Materials/M_book_shelf1.M_book_shelf1","49","65","65","1","0.000000","0","65"
"/Game/Cigar_room/Materials/M_book_shelf1_mod.M_book_shelf1_mod","49","65","65","1","0.000000","0","65"
"/Engine/EditorMaterials/PreviewShadowIndicatorMaterial.PreviewShadowIndicatorMaterial","49","65","65","1","45.669224","0","65"
"/Game/UltraDynamicSky/Materials/Weather/Projection_Box_Mask.Projection_Box_Mask","49","8","8","1","7.905357","0","8"
"/Game/UltraDynamicSky/Materials/Weather/Snow_Fade_Target_Mat.Snow_Fade_Target_Mat","49","7","7","1","7.045993","0","7"
"/Game/UltraDynamicSky/Materials/Weather/Stuck_Snow_Decal_Mat.Stuck_Snow_Decal_Mat","49","50","50","1","36.836483","0","50"
"/Game/UltraDynamicSky/Materials/Weather/Rain_Spot_Decal.Rain_Spot_Decal","49","62","64","1","58.901779","0","64"
"/Game/Cigar_room/Materials/M_book_red.M_book_red","49","65","65","1","0.000000","0","65"
"/Game/Cigar_room/Materials/M_book_blue.M_book_blue","49","65","65","1","0.000000","0","65"
"/Game/UltraDynamicSky/Materials/Volumetric_Aurora.Volumetric_Aurora","49","87","87","1","192.128723","0","87"
"/Game/UltraDynamicSky/Materials/Overcast_Turbulence.Overcast_Turbulence","49","13","14","1","13.513055","0","14"
"/Game/UltraDynamicSky/Materials/Weather/Wind_Debris.Wind_Debris","49","46","46","1","44.375248","0","46"
"/Game/Textures/MA_Flashlight.MA_Flashlight","49","65","65","1","37.465294","0","65"
"/Game/Cigar_room/Materials/M_Fog_3.M_Fog_3","49","40","40","1","51.662018","0","40"
"/Game/Cigar_room/Materials/M_Book_green.M_Book_green","49","65","65","1","0.000000","0","65"
"/Engine/EngineSky/M_Sky_Panning_Clouds2.M_Sky_Panning_Clouds2","49","7","7","1","8.289689","0","7"
"/Game/StarterContent/Materials/M_Wood_Oak.M_Wood_Oak","49","30","30","1","32.232330","0","30"
"/Game/Cigar_room/Materials/M_vase3.M_vase3","49","65","65","1","0.000000","0","65"
"/Game/Cigar_room/Materials/M_cigar_2_001.M_cigar_2_001","49","65","65","1","0.000000","0","65"
"/Game/Cigar_room/Materials/M_wall_lamp1.M_wall_lamp1","49","65","65","1","0.000000","0","65"
"/Game/Cigar_room/Materials/M_wall_lamp1_glass.M_wall_lamp1_glass","49","65","65","1","0.000000","0","65"
"/Game/UltraDynamicSky/Materials/Weather/DLWE_Brush.DLWE_Brush","49","24","24","3","23.511749","0","24"
"/Game/UltraDynamicSky/Materials/Weather/Draw_Texture_Mat.Draw_Texture_Mat","49","7","7","1","6.866137","0","7"
"/Game/UltraDynamicSky/Materials/Weather/Projection_Box_Height.Projection_Box_Height","49","22","24","1","20.234879","0","24"
"/Game/Cigar_room/Materials/M_notebook_papers.M_notebook_papers","49","65","65","1","0.000000","0","65"
"/Game/Cigar_room/Materials/M_notebook.M_notebook","49","65","65","1","0.000000","0","65"
"/Game/Cigar_room/Materials/M_cigar_box1.M_cigar_box1","49","65","65","1","0.000000","0","65"
"/Game/Cigar_room/Materials/M_cigar_box1_decor.M_cigar_box1_decor","49","65","65","1","0.000000","0","65"
"/Game/Cigar_room/Materials/M_Glass.M_Glass","49","40","40","1","54.641582","0","40"
"/Game/Cigar_room/Materials/M_window_frame_tile_002.M_window_frame_tile_002","49","65","65","1","0.000000","0","65"
"/Game/Cigar_room/Materials/M_stor_001.M_stor_001","49","65","65","1","0.000000","0","65"
"/Game/Cigar_room/Materials/M_sofa_chester.M_sofa_chester","49","65","65","1","0.000000","0","65"
"/Game/Cigar_room/Materials/M_sofa1.M_sofa1","49","65","65","1","0.000000","0","65"
"/Game/Cigar_room/Materials/M_sofa_pillow.M_sofa_pillow","49","65","65","1","0.000000","0","65"
"/Game/Cigar_room/Materials/M_ashtray6.M_ashtray6","49","65","65","1","160.876526","0","65"
"/Game/Cigar_room/Materials/M_Door_panel1.M_Door_panel1","49","65","65","1","0.000000","0","65"
"/Game/Cigar_room/Materials/M_ceil_moul.M_ceil_moul","49","65","65","1","0.000000","0","65"
"/Game/Cigar_room/Materials/M_ceil1.M_ceil1","49","65","65","1","0.000000","0","65"
"/Game/Cigar_room/Materials/M_door1_tile.M_door1_tile","49","65","65","1","0.000000","0","65"
"/Game/Cigar_room/Materials/M_lighter3.M_lighter3","49","65","65","1","195.399673","0","65"
"/Game/Cigar_room/Materials/M_clock_glass.M_clock_glass","49","40","40","1","30.858217","0","40"
"/Game/Cigar_room/Materials/M_wall_clock.M_wall_clock","49","65","65","1","0.000000","0","65"
"/Game/Cigar_room/Materials/M_clock.M_clock","49","65","65","1","0.000000","0","65"
"/Game/Cigar_room/Materials/M_wine_bottle1.M_wine_bottle1","49","65","65","1","0.000000","0","65"
"/Game/Cigar_room/Materials/M_arm_chair2.M_arm_chair2","49","65","65","1","0.000000","0","65"
"/Game/Cigar_room/Materials/M_arm_chair2_pillow.M_arm_chair2_pillow","49","65","65","1","0.000000","0","65"
"/Game/Cigar_room/Materials/M_arm_chair2_chester.M_arm_chair2_chester","49","65","65","1","0.000000","0","65"
"/Game/Cigar_room/Materials/M_grren_conc.M_grren_conc","49","65","65","1","0.000000","0","65"
"/Game/Cigar_room/Materials/M_brick.M_brick","49","65","65","1","0.000000","0","65"
"/Game/Cigar_room/Materials/M_Floor.M_Floor","49","65","65","1","0.000000","0","65"
"/Game/Cigar_room/Materials/M_hanger1.M_hanger1","49","65","65","1","0.000000","0","65"
"/Game/Cigar_room/Materials/M_tablo3.M_tablo3","49","65","65","1","0.000000","0","65"
"/Game/Cigar_room/Materials/M_rug2.M_rug2","49","65","65","1","0.000000","0","65"
"/Game/Survival_Items_Pack/Materials/Objects/M_Glass_01.M_Glass_01","49","40","40","1","47.116856","0","40"
"/Game/Cigar_room/Materials/M_book3.M_book3","49","65","65","1","0.000000","0","65"
"/Game/Cigar_room/Materials/M_tablo5.M_tablo5","49","65","65","1","0.000000","0","65"
"/Game/Cigar_room/Materials/M_door1.M_door1","49","65","65","1","0.000000","0","65"
"/Game/Cigar_room/Materials/M_globe1.M_globe1","49","65","65","1","0.000000","0","65"
"/Game/Cigar_room/Materials/M_globe_map.M_globe_map","49","65","65","1","0.000000","0","65"
"/Game/UltraDynamicSky/Materials/Weather/Lightning_Light_Rays_Card.Lightning_Light_Rays_Card","49","14","14","1","15.158559","0","14"
"/Game/Cigar_room/Materials/M_desk_lamp_glass.M_desk_lamp_glass","49","38","38","1","87.047661","0","38"
"/Game/Cigar_room/Materials/M_desk_lamp_fab.M_desk_lamp_fab","49","38","38","1","0.000000","0","38"
"/Game/Cigar_room/Materials/M_desk_lamp.M_desk_lamp","49","38","38","1","0.000000","0","38"
"/Game/Survival_Items_Pack/Materials/Objects/M_RGB.M_RGB","49","46","46","1","43.771046","0","46"
"/Game/Cigar_room/Materials/M_spot_light2_light.M_spot_light2_light","49","38","38","1","86.127106","0","38"
"/Game/Cigar_room/Materials/M_spot_light2.M_spot_light2","49","38","38","1","0.000000","0","38"
"/Game/SoulCave/Environment/Materials/Props/M_Soul_Glowstick_RK.M_Soul_Glowstick_RK","49","30","30","1","32.237785","0","30"
"/Game/SoulCave/Environment/Materials/Props/M_Soul_Glowstick.M_Soul_Glowstick","49","30","30","1","29.271990","0","30"
"/Game/SoulCave/Environment/Materials/Building/M_Soul_Glowstick.M_Soul_Glowstick","49","30","30","1","28.618826","0","30"
"/Game/SoulCave/EffectsMobile/SimpleFogSheet/Material/M_Fogsheet_cheap.M_Fogsheet_cheap","49","10","10","1","9.286434","0","10"
"/Game/SoulCave/Environment/Materials/Props/M_Soul_Statue_Cloth_WorldPositoin.M_Soul_Statue_Cloth_WorldPositoin","49","72","74","1","63.849327","0","74"
"/Game/StarterContent/Materials/M_Wood_Walnut.M_Wood_Walnut","49","30","30","1","29.401344","0","30"
"/Game/SoulCave/Environment/Materials/Sky/M_Sky.M_Sky","49","7","7","1","13.882105","0","7"
"/Game/Blueprint/Actor/InteractionItem/Jade/MA_NormalJade.MA_NormalJade","49","18","18","1","16.017700","0","18"
"/Engine/MapTemplates/Sky/M_Procedural_Sky_MASTER02.M_Procedural_Sky_MASTER02","49","30","30","1","31.510935","0","30"
"/Game/SoulCave/Environment/Materials/Nature/M_Soul_Bush.M_Soul_Bush","49","30","30","1","32.122387","0","30"
"/Game/SoulCave/Environment/Materials/Building/M_Soul_Statue_Face.M_Soul_Statue_Face","49","42","42","1","40.534679","0","42"
"/Game/SoulCave/Environment/Materials/Building/M_Soul_Statue_Cloth.M_Soul_Statue_Cloth","49","42","42","1","38.729137","0","42"
"/Game/SoulCave/Environment/Materials/Building/M_Soul_Statue_Chrome.M_Soul_Statue_Chrome","49","48","50","1","48.929001","0","50"
"/Game/SoulCave/Environment/Materials/Building/M_Soul_Statue_Bolts.M_Soul_Statue_Bolts","49","42","42","1","41.694008","0","42"
"/Game/SoulCave/Environment/Materials/Nature/M_Soul_Grass04.M_Soul_Grass04","49","51","53","1","86.777565","0","53"
"/Game/SoulCave/Environment/Materials/Water/M_Cave_Water_JM2.M_Cave_Water_JM2","49","40","40","1","52.609951","0","40"
"/Game/SoulCave/Environment/Materials/Cloth/M_Slums_Cloth_Anim.M_Slums_Cloth_Anim","49","51","53","1","53.284153","0","53"
"/Game/SoulCave/Environment/Materials/Building/M_Slums_Cloth_.M_Slums_Cloth_","49","51","53","1","50.387829","0","53"
"/Game/SoulCave/Environment/Materials/Building/M_LV_SoulDistanceBD002_M2.M_LV_SoulDistanceBD002_M2","49","51","53","1","55.248451","0","53"
"/Game/StarterContent/Particles/Materials/M_Fire_SubUV.M_Fire_SubUV","49","14","14","1","11.384799","0","14"
"/Game/Blueprint/Item/FlashLight/RayOVac_Flashlight_Glass.RayOVac_Flashlight_Glass","49","36","36","1","41.409508","0","36"
"/Game/Blueprint/Item/FlashLight/RayOVac_Flashlight_handle_Mat.RayOVac_Flashlight_handle_Mat","49","36","36","1","35.896725","0","36"
"/Game/SoulCave/Effects/Materials/Water/M_ParticleWater_MASTER.M_ParticleWater_MASTER","49","78","78","1","76.604164","0","78"
"/Game/SoulCave/Environment/Materials/Building/M_Slums_Window2.M_Slums_Window2","49","60","60","2","64.019104","0","60"
"/Engine/EngineSky/VolumetricClouds/m_SimpleVolumetricCloud.m_SimpleVolumetricCloud","49","103","103","1","278.961548","0","103"
"/Game/SoulCave/Environment/Materials/Water/M_Water_Translucent.M_Water_Translucent","49","38","38","1","46.721882","0","38"
"/Game/SoulCave/EffectsMobile/Sparks/Materials/M_Flare_Master.M_Flare_Master","49","14","14","1","10.985070","0","14"
"/Game/Watermills/Materials/MM_JailDoor01.MM_JailDoor01","49","30","30","1","32.509159","0","30"
"/Game/Blueprint/Actor/InteractionItem/Shrine/default.default","49","18","18","1","0.000000","0","18"
"/Game/Blueprint/Item/Mirror/Metal_Corrogated_Shiny.Metal_Corrogated_Shiny","49","18","18","1","58.342182","0","18"
"/Game/StarterContent/Materials/M_Metal_Gold.M_Metal_Gold","49","30","30","1","30.234777","0","30"
"/Game/Blueprint/Item/ShopTicket/MA_ShopTick.MA_ShopTick","49","18","18","1","53.238289","0","18"
"/Game/Blueprint/Item/Cake/Vegetation_Blur3.Vegetation_Blur3","49","18","18","1","17.163679","0","18"
"/Game/Blueprint/Item/HandMirror/MA_M.MA_M","49","18","18","1","0.000000","0","18"
"/Game/Blueprint/Actor/InteractionItem/LightStone/MA_LightStone.MA_LightStone","49","18","18","1","16.017876","0","18"
"/Engine/VREditor/SnapGrid/SnapGridMaterial.SnapGridMaterial","49","18","18","1","20.347507","0","18"
"/Game/Watermills/Materials/MM_Sand.MM_Sand","49","30","30","1","36.596478","0","30"
"/Game/UltraDynamicSky/Materials/Space/Space_Planet_Glow_Mat.Space_Planet_Glow_Mat","49","26","26","1","26.105936","0","26"
"/Game/UltraDynamicSky/Materials/Space/Space_Planet_Mat.Space_Planet_Mat","49","264","272","8","298.081665","0","306"
"/Game/SoulCave/EffectsMobile/Water/Materials/M_SplashFoam.M_SplashFoam","49","60","60","1","51.638237","0","60"
"/Game/SoulCave/EffectsMobile/Water/Materials/M_RippleFoam.M_RippleFoam","49","84","84","1","123.844101","0","84"
"/Game/SoulCave/Environment/Materials/Water/M_Soul_Waterfall_Foam02.M_Soul_Waterfall_Foam02","49","51","52","1","99.674805","0","52"
"/Game/SoulCave/Environment/Materials/Water/M_Soul_Waterfall_Foam_Mask.M_Soul_Waterfall_Foam_Mask","49","51","52","1","60.352966","0","52"
"/Game/SoulCave/Environment/Materials/Building/M_Slums_Wood.M_Slums_Wood","49","30","30","1","106.360107","0","30"
"/Game/SoulCave/EffectsMobile/Trash/Materials/M_paper.M_paper","49","15","15","1","49.517044","0","15"
"/Game/SoulCave/EffectsMobile/Leaves/Materials/M_NewMaterial.M_NewMaterial","49","56","62","1","124.914223","0","62"
"/Game/SoulCave/Environment/Materials/Nature/M_Soul_TreeDead.M_Soul_TreeDead","49","30","30","1","39.001030","0","30"
"/Game/SoulCave/Environment/Materials/Props/M_Soul_GODRAY_MASTER2.M_Soul_GODRAY_MASTER2","49","14","14","1","12.743048","0","14"
"/Game/SoulCave/Environment/Materials/Nature/M_Soul_Plants.M_Soul_Plants","49","51","53","1","40.531124","0","53"
"/Game/SoulCave/Effects/Materials/Water/M_WaterDrop_SubUV.M_WaterDrop_SubUV","49","78","78","1","63.184536","0","78"
"/Game/SoulCave/Effects/Materials/Snow/M_Snow_Blowing_Lit.M_Snow_Blowing_Lit","49","60","60","1","79.989281","0","60"
"/Game/SoulCave/EffectsMobile/GodRay/Materials/M_GodRay.M_GodRay","49","10","10","1","20.086990","0","10"
"/Game/SoulCave/EffectsMobile/Steam/Materials/M_Smoke_MacroUV_Subtle_Emissive_Near.M_Smoke_MacroUV_Subtle_Emissive_Near","49","14","14","1","11.973216","0","14"
"/Game/SoulCave/Effects/Materials/Dust/M_Dust_Mote.M_Dust_Mote","49","60","60","1","59.597836","0","60"
"/Game/SoulCave/EffectsMobile/Sparks/Materials/M_Spark_Core_Master.M_Spark_Core_Master","49","14","14","1","13.783222","0","14"
"/Game/SoulCave/EffectsMobile/Sparks/Materials/M_Single_Master.M_Single_Master","49","17","17","1","11.880541","0","17"
"/Game/SoulCave/EffectsMobile/Sparks/Materials/M_Smoke_MacroUV_Subtle_Near.M_Smoke_MacroUV_Subtle_Near","49","14","14","1","10.713145","0","14"
"/Game/SoulCave/Environment/Materials/Nature/M_Soul_Leaves.M_Soul_Leaves","49","102","106","2","98.919289","0","106"
"","49","1","0","1","0.000000","22","0"
"/Game/SoulCave/Environment/Materials/Building/M_Slums_Concrete.M_Slums_Concrete","49","96","98","2","92.164932","0","98"
"/SpeedTreeImporter/SpeedTree9/SpeedTreeBillboardMaster.SpeedTreeBillboardMaster","49","70","74","1","94.721123","0","74"
"/SpeedTreeImporter/SpeedTree9/SpeedTreeMaster.SpeedTreeMaster","49","102","106","1","158.513641","0","106"
"/Engine/EngineMaterials/DefaultMaterial.DefaultMaterial","49","159","159","1","69.045105","0","159"
"/Engine/EngineMaterials/PPM_DefaultCalibrationColor.PPM_DefaultCalibrationColor","49","7","7","1","1.699061","0","7"
"/Engine/EngineMaterials/PPM_DefaultCalibrationGrayscale.PPM_DefaultCalibrationGrayscale","49","7","7","1","3.923512","0","7"
"/Game/UltraDynamicSky/Materials/Ultra_Dynamic_Sky_Mat.Ultra_Dynamic_Sky_Mat","49","408","408","34","3123.567627","1272","2760"
"/Game/SoulCave/Environment/Materials/Building/M_Slums_2.M_Slums_2","49","60","60","2","167.295517","60","180"
"/Game/SoulCave/Environment/Materials/Building/M_Slums_Metalwork.M_Slums_Metalwork","49","30","30","1","74.972885","30","90"
"/Interchange/gltf/M_Default.M_Default","49","294","304","6","347.402832","0","304"
"/Interchange/gltf/M_ClearCoat.M_ClearCoat","49","294","304","6","339.446198","0","304"
"/Interchange/gltf/M_Sheen.M_Sheen","49","294","304","6","323.465820","0","304"
"/Interchange/gltf/M_Transmission.M_Transmission","49","104","104","2","392.389038","0","104"
"/Interchange/gltf/M_SpecularGlossiness.M_SpecularGlossiness","49","294","304","6","331.595093","0","304"
"/Game/SoulCave/Environment/Materials/Building/M_Slums_Tin.M_Slums_Tin","49","30","30","1","34.306370","0","30"
"/Game/SoulCave/Environment/Materials/Rocks/M_Cave_Rock_MASTER_VertexPaint_MOSS.M_Cave_Rock_MASTER_VertexPaint_Moss","49","60","60","2","164.039734","60","180"
"/Game/SoulCave/Environment/Materials/Rocks/M_Cave_Rock_MASTER_VertexPaint_Dirt.M_Cave_Rock_MASTER_VertexPaint_Dirt","49","60","60","2","169.683472","60","180"
"/Game/SoulCave/Environment/Materials/Rocks/M_Cave_Rock_MASTER.M_Cave_Rock_MASTER","49","30","30","1","77.122833","30","90"
"/Game/UltraDynamicSky/Materials/Volumetric_Clouds.Volumetric_Clouds","49","412","412","4","3845.328613","1236","2884"
"/Game/UltraDynamicSky/Materials/Weather/Screen_Droplets.Screen_Droplets","49","7","7","1","13.301796","14","35"
"/Game/UltraDynamicSky/Materials/Inside_Clouds_Fog_Particle.Inside_Clouds_Fog_Particle","49","206","206","1","1590.208740","618","1442"
"/Game/UltraDynamicSky/Materials/Lens_Flare.Lens_Flare","49","14","14","2","22.161568","14","42"
"/Game/MCO_Mocap_Basics/Character/Materials/M_UE4Man_Body.M_UE4Man_Body","49","124","132","2","109.198448","0","132"
"/Game/SoulCave/Environment/Materials/Foliage/M_Cave_Grass.M_Cave_Grass","49","102","106","2","106.438080","0","106"
"/Game/Scanned3DPeoplePack/RP_Character/00_rp_master/Mannequin/Materials/M_UE4Man_Body.M_UE4Man_Body","49","124","132","2","100.414703","0","132"
"/Game/UltraDynamicSky/Materials/Weather/Rainbow_Mat.Rainbow_Mat","49","26","28","2","48.694031","26","84"
"/Game/UltraDynamicSky/Materials/Volumetric_Cloud_Shadows.Volumetric_Cloud_Shadows","49","130","130","2","254.834488","130","390"
"/Interchange/gltf/M_Unlit.M_Unlit","49","144","154","6","120.368805","0","154"
"/Game/3583AnimationsPack/Character/Materials/M_UE4Man_Body.M_UE4Man_Body","49","124","132","2","97.116989","0","132"
"/Game/Scanned3DPeoplePack/RP_Character/00_rp_master/Materials/RP_Rigged_MasterMaterial.RP_Rigged_MasterMaterial","49","144","144","2","158.156128","0","144"
"/Game/SoulCave/Environment/Materials/Props/M_Soul_Statue2.M_Soul_Statue2","49","30","30","1","84.709152","30","90"
"/Game/SKnight_modular/Skeleton/materials/M_Skeleton.M_Skeleton","49","30","30","1","70.552963","30","90"
"/Game/SKnight_modular/Skeleton_Knight_01/materials/M_SKnigh_01_armor.M_SKnigh_01_armor","49","89","95","1","212.521576","89","285"
"/Game/SoulCave/Environment/Materials/Foliage/M_Cave_LeafPiles.M_Cave_LeafPiles","49","102","106","2","106.165504","0","106"
"/Game/UltraDynamicSky/Materials/Weather/LightningFlare_ParticleMat.LightningFlare_ParticleMat","49","24","26","1","94.889359","48","130"
"/Game/UltraDynamicSky/Materials/Weather/LightningBolt_ParticleMat.LightningBolt_ParticleMat","49","20","20","1","50.200703","20","60"
"/Game/UltraDynamicSky/Materials/Weather/Lightning_Rainfall_Particle.Lightning_Rainfall_Particle","49","24","26","1","96.128731","48","130"
"/Game/UltraDynamicSky/Materials/Global_Volumetric_Fog.Global_Volumetric_Fog","49","108","108","2","245.218292","324","756"
"/Game/UltraDynamicSky/Materials/Cloud_Fog_PostProcess.Cloud_Fog_PostProcess","49","7","7","1","19.756950","21","49"
"/Game/UltraDynamicSky/Materials/Weather/Dust_ParticleMat.Dust_ParticleMat","49","28","28","2","83.111115","56","140"
"/Game/UltraDynamicSky/Materials/Weather/Lightning_Glow.Lightning_Glow","49","24","26","1","58.708176","24","78"
"/Game/UltraDynamicSky/Materials/2D_Cloud_Shadows.2D_Cloud_Shadows","49","130","130","2","108.564026","0","130"
"/Game/UltraDynamicSky/Materials/Weather/Splash_ParticleMat_Translucent.Splash_ParticleMat_Translucent","49","58","60","1","43.817867","0","60"
"/Game/UltraDynamicSky/Materials/Weather/Splash_ParticleMat.Splash_ParticleMat","49","62","64","1","46.782967","0","64"
"/Game/UltraDynamicSky/Materials/Weather/Heat_Distortion.Heat_Distortion","49","7","7","1","6.010630","0","7"
"/Game/UMG/GameState/Dead/M_Fire_SubUV1.M_Fire_SubUV1","49","26","26","1","17.548824","0","26"
"/Game/SoulCave/Environment/Materials/Rocks/M_Cave_Wood_Beam.M_Cave_Wood_Beam","49","30","30","1","29.196392","0","30"
"/Game/SoulCave/Environment/Materials/Building/M_Cave_Floor.M_Cave_Floor","49","65","65","1","161.855881","0","65"
"/Game/SoulCave/Environment/Materials/Building/M_Cave_Spotlight.M_Cave_Spotlight","49","65","65","1","164.769440","0","65"
"/Game/SoulCave/Environment/Materials/Building/M_Trashcan.M_Trashcan","49","30","30","1","31.497814","0","30"
"/Game/SoulCave/Environment/Materials/Rocks/M_Cave_Ground_MASTER.M_Cave_Ground_MASTER","49","30","30","1","32.623512","0","30"
"/Game/SoulCave/Environment/Materials/Building/M_Cave_Chain.M_Cave_Chain","49","30","30","1","32.004772","0","30"
"/Game/Blueprint/Actor/InteractionItem/Mirror/M_Dissolve.M_Dissolve","49","66","70","1","62.606113","0","70"
"/Game/UltraDynamicSky/Materials/VolumetricCloud_LightRay.VolumetricCloud_LightRay","49","24","26","1","84.034332","24","78"
"/Game/UltraDynamicSky/Materials/Weather/Rain_ParticleMat.Rain_ParticleMat","49","58","60","1","198.494446","116","300"
"/Game/UltraDynamicSky/Materials/Weather/Fog_ParticleMat.Fog_ParticleMat","49","54","54","1","47.435394","108","270"
"/Game/UltraDynamicSky/Materials/Weather/Post_Process_Wind_Fog.Post_Process_Wind_Fog","49","7","7","1","5.910638","21","49"
"/Game/UltraDynamicSky/Materials/Weather/Snow_ParticleMat.Snow_ParticleMat","49","58","60","1","122.108597","116","300"
"/Game/UltraDynamicSky/Materials/Material_Instances/Water_Caustics_LightFunction.Water_Caustics_LightFunction","49","65","65","1","54.074192","0","65"
"/Game/UltraDynamicSky/Materials/Weather/Splash_Droplet_Particle_Translucent.Splash_Droplet_Particle_Translucent","49","46","46","1","32.909321","0","46"
"/Game/UltraDynamicSky/Materials/Weather/Splash_Droplet_Particle.Splash_Droplet_Particle","49","50","50","1","36.343353","0","50"
"/Game/SoulCave/Environment/Materials/Building/M_Cave_Pillar.M_Cave_Pillar","49","30","30","1","31.009071","0","30"
"/Game/SoulCave/Environment/Materials/Building/M_Cave_Arches.M_Cave_Arches","49","30","30","1","30.754839","0","30"
"/Game/UMG/TiLiMaterial.TiLiMaterial","49","15","15","1","10.131153","0","15"
